DXCC,Name,Prefix,Cont,CQZ,ITUZ,Lat,Lon,Deleted,ValidFrom,ValidTo
1,Canada,VE,NA,5,9,45.00,-80.00,0,,
2,Abu Ail Is.,A1,AS,21,39,12.80,45.00,1,,1991-03-30T23:59:59+00:00
3,Afghanistan,YA,AS,21,40,34.40,69.20,0,,
4,Agalega & St. Brandon,3B7,AF,39,53,-10.40,56.60,0,,
5,Aland Islands,OH0,EU,15,18,60.20,20.00,0,,
6,Alaska,KL7,NA,1,1,61.20,-150.00,0,,
7,Albania,ZA,EU,15,28,41.30,19.80,0,,
8,Aldabra,VQ9/A,AF,39,53,-8.22,48.20,1,,1976-06-28T23:59:59+00:00
9,American Samoa,KH8,OC,32,62,-14.30,-170.80,0,,
10,Amsterdam & St. Paul Is.,FT5Z,AF,39,68,-37.70,77.60,0,,
11,Andaman & Nicobar Is.,VU4,AS,26,49,11.70,92.80,0,,
12,Anguilla,VP2E,NA,8,11,18.30,-63.00,0,,
13,Antarctica,CE9,AN,13,74,-65.00,-64.00,0,,
14,Armenia,EK,AS,21,29,40.18,44.52,0,,
15,Asiatic Russia,UA0,AS,17,30,55.00,83.00,0,,
16,N.Z. Subantarctic Is.,ZL9,OC,32,60,-52.54,169.15,0,,
17,Aves Island,YV0,NA,8,11,15.70,-63.70,0,,
18,Azerbaijan,4J,AS,21,29,40.40,49.88,0,,
19,Bajo Nuevo,HK0,NA,8,11,15.88,-78.63,1,,1981-09-16T23:59:59+00:00
20,Baker & Howland Islands,KH1,OC,31,61,0.50,-176.00,0,,
21,Balearic Islands,EA6,EU,14,37,39.50,2.60,0,,
22,Palau,T8,OC,27,64,9.50,138.20,0,,
23,Blenheim Reef,1B,AF,39,41,-7.00,72.00,1,1967-05-04T00:00:00+00:00,1975-06-30T23:59:59+00:00
24,Bouvet,3Y/B,AF,38,67,-54.50,3.40,0,,
25,British North Borneo,ZC5,OC,28,54,5.80,118.10,1,,1963-09-15T23:59:59+00:00
26,British Somaliland,VQ6,AF,37,48,2.10,45.40,1,,1960-06-30T23:59:59+00:00
27,Belarus,EU,EU,16,29,53.90,27.57,0,,
28,Canal Zone,KZ5,NA,7,11,9.00,-79.50,1,,1979-09-30T23:59:59+00:00
29,Canary Islands,EA8,AF,33,36,28.40,-15.30,0,,
30,Celebe & Molucca Is.,PK6,OC,28,54,-3.00,120.00,1,,1963-04-30T23:59:59+00:00
31,Central Kiribati,T31,OC,31,62,-2.80,-171.70,0,,
32,Ceuta & Melilla,EA9,AF,33,37,35.60,-3.00,0,,
33,Chagos Islands,VQ9,AF,39,41,-7.30,72.40,0,,
34,Chatham Islands,ZL7,OC,32,60,-44.00,-176.50,0,,
35,Christmas Island,VK9X,OC,29,54,-10.50,105.70,0,,
36,Clipperton Island,FO/C,NA,7,10,10.30,-109.20,0,,
37,Cocos Island,TI9,NA,7,11,5.60,-87.00,0,,
38,Cocos (Keeling) Islands,VK9C,OC,29,54,-12.20,96.80,0,,
39,Comoros,FH8,AF,39,53,-11.80,43.70,1,,1975-07-05T23:59:59+00:00
40,Crete,SV9,EU,20,28,35.40,25.20,0,,
41,Crozet Island,FT5/W,AF,39,68,-46.43,51.86,0,,
42,Damao Diu,CR8/D,AS,22,41,20.71,70.98,1,,1961-12-31T23:59:59+00:00
43,Desecheo Island,KP5,NA,8,11,18.30,-67.50,0,1979-03-01T00:00:00+00:00,
44,Desroches,VQ9/D,AF,39,53,-5.67,53.65,1,,1976-06-28T23:59:59+00:00
45,Dodecanese,SV5,EU,20,28,36.40,28.20,0,,
46,East Malaysia,9M6,OC,28,54,3.20,101.60,0,1963-09-16T00:00:00+00:00,
47,Easter Island,CE0Y,SA,12,63,-27.10,-109.40,0,,
48,Eastern Kiribati,T32,OC,31,61,1.90,-157.40,0,,
49,Equatorial Guinea,3C,AF,36,47,1.80,9.80,0,,
50,Mexico,XE,NA,6,10,19.40,-99.10,0,,
51,Eritrea,E3,AF,37,48,15.30,38.90,0,,
52,Estonia,ES,EU,15,29,59.44,24.75,0,,
53,Ethiopia,ET,AF,37,48,9.00,38.70,0,,
54,European Russia,UA,EU,16,29,55.80,37.60,0,,
55,Farquhar,VQ9/F,AF,39,53,-10.17,51.17,1,,1976-06-28T23:59:59+00:00
56,Fernando de Noronha,PY0F,SA,11,13,-3.90,-32.40,0,,
57,Fr. Equatorial Africa,FQ8,AF,36,47,12.10,15.00,1,,1960-08-16T23:59:59+00:00
58,French Indo-China,FI8,AS,26,49,11.70,104.80,1,,1950-12-20T23:59:59+00:00
59,French West Africa,FF,AF,35,46,6.50,2.60,1,,1960-08-06T23:59:59+00:00
60,Bahamas,C6A,NA,8,11,24.25,-76.00,0,,
61,Franz Josef Land,R1F,EU,40,75,80.00,53.00,0,,
62,Barbados,8P,NA,8,11,13.10,-59.60,0,,
63,French Guiana,FY,SA,9,12,4.90,-52.30,0,,
64,Bermuda,VP9,NA,5,11,32.30,-64.78,0,,
65,British Virgin Islands,VP2V,NA,8,11,18.40,-64.60,0,,
66,Belize,V3,NA,7,11,17.30,-88.80,0,,
67,French India,FN8,AS,22,41,16.45,82.16,1,,1954-10-31T23:59:59+00:00
68,Kuwait/Saudi Arabia Neut. Zone,8Z5,AS,21,39,29.00,47.40,1,,1969-12-14T23:59:59+00:00
69,Cayman Islands,ZF,NA,8,11,19.50,-81.20,0,,
70,Cuba,CO,NA,8,11,21.50,-80.00,0,,
71,Galapagos Islands,HC8,SA,10,12,-0.50,-90.50,0,,
72,Dominican Republic,HI,NA,8,11,18.50,-70.00,0,,
74,El Salvador,YS,NA,7,11,13.70,-89.20,0,,
75,Georgia,4L,AS,21,29,41.72,44.78,0,,
76,Guatemala,TG,NA,7,11,14.60,-90.50,0,,
77,Grenada,J3,NA,8,11,12.00,-61.80,0,,
78,Haiti,HH,NA,8,11,18.50,-72.30,0,,
79,Guadeloupe,FG,NA,8,11,16.00,-61.70,0,,
80,Honduras,HR,NA,7,11,14.10,-87.20,0,,
81,Germany,DL/D,EU,14,28,51.00,10.00,1,,1973-09-16T23:59:59+00:00
82,Jamaica,6Y,NA,8,11,18.00,-76.80,0,,
84,Martinique,FM,NA,8,11,14.60,-61.00,0,,
85,Bonaire Curacao (Neth Antilles),PJ2/D,SA,9,11,12.10,-69.00,1,,2010-10-09T04:00:00+00:00
86,Nicaragua,YN,NA,7,11,12.00,-86.00,0,,
88,Panama,HP,NA,7,11,9.00,-79.50,0,,
89,Turks & Caicos Islands,VP5,NA,8,11,21.80,-72.40,0,,
90,Trinidad & Tobago,9Y,SA,9,11,10.50,-61.30,0,,
91,Aruba,P4,SA,9,11,12.50,-70.00,0,1986-01-01T00:00:00+00:00,
93,Geyser Reef,1G,AF,39,53,-12.24,46.25,1,1967-05-04T00:00:00+00:00,1978-02-28T23:59:59+00:00
94,Antigua & Barbuda,V2,NA,8,11,17.10,-61.80,0,,
95,Dominica,J7,NA,8,11,15.40,-61.30,0,,
96,Montserrat,VP2M,NA,8,11,16.80,-62.20,0,,
97,St. Lucia,J6,NA,8,11,13.90,-61.00,0,,
98,St. Vincent,J8,NA,8,11,13.30,-61.30,0,,
99,Glorioso Islands,FT/G,AF,39,53,-11.58,47.30,0,1960-06-25T00:00:00+00:00,
100,Argentina,LU,SA,13,14,-34.60,-58.40,0,,
101,Goa,CR8/G,AS,22,41,15.31,73.56,1,,1961-12-31T23:59:59+00:00
102,Gold Coast Togoland,ZD4,AF,35,46,5.50,-0.20,1,,1957-03-05T23:59:59+00:00
103,Guam,KH2,OC,27,64,13.50,144.80,0,,
104,Bolivia,CP,SA,10,12,-17.00,-65.00,0,,
105,Guantanamo Bay,KG4,NA,8,11,19.90,-75.20,0,,
106,Guernsey,GU,EU,14,27,49.50,-2.70,0,,
107,Guinea,3XA,AF,35,46,9.50,-13.70,0,,
108,Brazil,PY,SA,11,15,-23.00,-43.20,0,,
109,Guinea-Bissau,J5,AF,35,46,11.90,-15.60,0,,
110,Hawaii,KH6,OC,31,61,21.30,-157.90,0,,
111,Heard Island,VK0H,AF,39,68,-53.03,73.39,0,,
112,Chile,CE,SA,12,14,-30.00,-71.00,0,,
113,Ifni,EA9/I,AF,33,37,35.60,-3.00,1,,1969-05-13T23:59:59+00:00
114,Isle of Man,GD,EU,14,27,54.30,-4.50,0,,
115,Italian Somaliland,I5,AF,37,48,2.10,45.40,1,,1960-06-30T23:59:59+00:00
116,Colombia,HK,SA,9,12,4.60,-74.10,0,,
117,ITU HQ,4U1ITU,EU,14,28,46.22,6.14,0,,
118,Jan Mayen,JX,EU,40,18,71.00,-8.30,0,,
119,Java,PK1,OC,28,54,-6.20,106.80,1,,1963-04-30T23:59:59+00:00
120,Ecuador,HC,SA,10,12,-0.20,-78.00,0,,
122,Jersey,GJ,EU,14,27,49.30,-2.20,0,,
123,Johnston Island,KH3,OC,31,61,16.80,-169.50,0,,
124,Juan de Nova & Europa,FT/J,AF,39,53,-17.05,42.72,0,1960-06-25T00:00:00+00:00,
125,Juan Fernandez Islands,CE0Z,SA,12,14,-33.60,-78.80,0,,
126,Kaliningrad,UA2,EU,15,29,54.72,20.52,0,,
127,Kamaran Is.,VS9K,AS,21,39,15.21,41.40,1,,1982-03-10T23:59:59+00:00
128,Karelo-Finnish Rep.,UN1,EU,16,19,62.50,35.00,1,,1960-06-30T23:59:59+00:00
129,Guyana,8R,SA,9,12,6.80,-58.20,0,,
130,Kazakhstan,UN,AS,17,30,51.17,71.43,0,,
131,Kerguelen Islands,FT5/X,AF,39,68,-49.35,70.22,0,,
132,Paraguay,ZP,SA,11,14,-25.30,-57.70,0,,
133,Kermadec Islands,ZL8,OC,32,60,-30.00,-177.90,0,,
134,Kingman Reef,KH5K,OC,31,61,6.40,-162.40,1,,2016-03-28T23:59:59+00:00
135,Kyrgyzstan,EX,AS,17,30,42.87,74.61,0,,
136,Peru,OA,SA,10,12,-10.00,-76.00,0,,
137,Republic of Korea,HL,AS,25,44,37.50,127.00,0,,
138,Kure Island,KH7K,OC,31,61,28.40,-178.40,0,,
139,Kuria Muria I.,VS9H,AS,21,39,17.50,56.00,1,,1967-11-29T23:59:59+00:00
140,Suriname,PZ,SA,9,12,4.00,-56.00,0,,
141,Falkland Islands,VP8,SA,13,16,-51.70,-57.90,0,,
142,Lakshadweep Islands,VU7,AS,22,41,10.00,73.00,0,,
143,Laos,XW,AS,26,49,18.00,102.60,0,,
144,Uruguay,CX,SA,13,14,-33.00,-56.00,0,,
145,Latvia,YL,EU,15,29,56.95,24.11,0,,
146,Lithuania,LY,EU,15,29,54.68,25.28,0,,
147,Lord Howe Island,VK9L,OC,30,60,-31.60,159.10,0,,
148,Venezuela,YV,SA,9,12,10.50,-67.00,0,,
149,Azores,CU,EU,14,36,37.70,-25.70,0,,
150,Australia,VK,OC,30,59,-22.00,135.00,0,,
151,Malyj Vysotskij Island,R1M,EU,16,29,60.40,28.40,1,,2012-02-17T23:59:59+00:00
152,Macao,XX9,AS,24,44,22.20,113.60,0,,
153,Macquarie Island,VK0M,OC,30,60,-54.70,158.80,0,,
154,Yemen Arab Rep.,4W,AS,21,39,12.80,45.00,1,,1990-05-21T23:59:59+00:00
155,Malaya,VS2,AS,28,54,1.30,103.80,1,,1963-09-15T23:59:59+00:00
157,Nauru,C21,OC,31,65,-0.50,166.90,0,,
158,Vanuatu,YJ,OC,32,56,-17.70,168.30,0,,
159,Maldives,8Q,AS,22,41,4.40,73.40,0,,
160,Tonga,A3,OC,32,62,-21.10,-175.20,0,,
161,Malpelo Island,HK0/M,SA,9,12,4.00,-81.10,0,,
162,New Caledonia,FK,OC,32,56,-21.50,165.50,0,,
163,Papua New Guinea,P2,OC,28,51,-9.40,147.10,0,1975-09-16T00:00:00+00:00,
164,Manchuria,C9,AS,24,33,41.80,123.45,1,,1963-09-15T23:59:59+00:00
165,Mauritius,3B8,AF,39,53,-20.30,57.50,0,,
166,Mariana Islands,KH0,OC,27,64,15.20,145.80,0,,
167,Market Reef,OJ0,EU,15,18,60.30,19.00,0,,
168,Marshall Islands,V7,OC,31,65,9.10,167.30,0,,
169,Mayotte,FH,AF,39,53,-13.00,45.30,0,1975-07-06T00:00:00+00:00,
170,New Zealand,ZL,OC,32,60,-41.27,174.71,0,,
171,Mellish Reef,VK9M,OC,30,56,-17.60,155.80,0,,
172,Pitcairn Island,VP6,OC,32,63,-25.10,-130.10,0,,
173,Micronesia,V6,OC,27,65,6.90,158.30,0,,
174,Midway Island,KH4,OC,31,61,28.20,-177.40,0,,
175,French Polynesia,FO,OC,32,63,-17.60,-149.50,0,,
176,Fiji,3D2,OC,32,56,-18.10,178.40,0,,
177,Minami Torishima,JD/M,OC,27,90,24.30,154.00,0,,
178,Minerva Reef,1M,OC,32,62,-21.10,-175.20,1,,1972-07-15T23:59:59+00:00
179,Moldova,ER,EU,16,29,47.00,28.86,0,,
180,Mount Athos,SV/A,EU,20,28,40.20,24.30,0,,
181,Mozambique,C9,AF,37,53,-18.25,35.00,0,,
182,Navassa Island,KP1,NA,8,11,18.40,-75.00,0,,
183,Netherlands Borneo,PK5,OC,28,54,-1.27,116.80,1,,1963-04-30T23:59:59+00:00
184,Netherlands N. Guinea,JZ0,OC,28,51,-9.40,147.10,1,,1963-04-30T23:59:59+00:00
185,Solomon Islands,H4,OC,28,51,-9.40,160.00,0,,
186,Newfoundland Labrador,VO,NA,5,9,47.34,-52.41,1,,1949-03-31T23:59:59+00:00
187,Niger,5U,AF,35,46,13.50,2.00,0,1960-08-03T00:00:00+00:00,
188,Niue,E6,OC,32,62,-19.00,-169.90,0,,
189,Norfolk Island,VK9N,OC,32,60,-29.00,168.00,0,,
190,Samoa,5W,OC,32,62,-13.50,-171.80,0,,
191,North Cook Islands,E5/N,OC,32,62,-9.00,-157.97,0,,
192,Ogasawara,JD/O,AS,27,45,27.50,141.00,0,,
193,Okinawa (Ryukyu Is.),KR6,AS,25,45,28.00,129.00,1,,1972-05-14T23:59:59+00:00
194,Okino Tori-shima,7J1,AS,27,45,20.25,136.05,1,1976-05-30T00:00:00+00:00,1980-11-30T23:59:59+00:00
195,Annobon Island,3C0,AF,36,52,-1.50,5.60,0,,
196,Palestine,ZC6,AS,20,39,31.40,35.10,1,,1968-06-30T23:59:59+00:00
197,Palmyra & Jarvis Islands,KH5,OC,31,61,5.88,-162.08,0,,
198,Papua Territory,VK9/P,OC,28,51,-9.40,147.10,1,,1975-09-15T23:59:59+00:00
199,Peter 1 Island,3Y/P,AN,12,72,-68.50,-90.58,0,,
200,Portuguese Timor,CR8/T,OC,28,54,-8.60,125.50,1,,1976-09-14T23:59:59+00:00
201,Pr. Edward & Marion Is.,ZS8,AF,38,57,-46.80,37.80,0,,
202,Puerto Rico,KP4,NA,8,11,18.41,-66.06,0,,
203,Andorra,C31,EU,14,27,42.50,1.50,0,,
204,Revillagigedo,XF4,NA,6,10,19.00,-111.50,0,,
205,Ascension Island,ZD8,AF,36,66,-8.00,-14.40,0,,
206,Austria,OE,EU,15,28,47.30,13.30,0,,
207,Rodriguez Island,3B9,AF,39,53,-19.70,63.40,0,,
208,Ruanda-Urundi,9U,AF,36,52,-2.00,30.10,1,1960-07-01T00:00:00+00:00,1962-06-30T23:59:59+00:00
209,Belgium,ON,EU,14,27,50.90,4.40,0,,
210,Saar,9S4,EU,14,28,49.20,7.00,1,,1957-03-31T23:59:59+00:00
211,Sable Island,CY0,NA,5,9,43.80,-60.00,0,,
212,Bulgaria,LZ,EU,20,28,42.70,23.30,0,,
213,St. Martin,FS,NA,8,11,18.10,-63.10,0,,
214,Corsica,TK,EU,15,28,42.00,9.00,0,,
215,Cyprus,5B,AS,20,39,35.20,33.40,0,,
216,San Andres & Providencia,HK0S,NA,7,11,12.50,-81.70,0,,
217,San Felix & San Ambrosio,CE0X,SA,12,14,-26.29,-80.10,0,,
218,Czechoslovakia,OK/D,EU,15,28,50.10,15.50,1,,1992-12-31T23:59:59+00:00
219,Sao Tome & Principe,S9,AF,36,47,0.30,6.70,0,,
220,Sarawak,VS4,OC,28,54,5.80,118.10,1,,1963-09-15T23:59:59+00:00
221,Denmark,OZ,EU,14,18,56.00,10.00,0,,
222,Faroe Islands,OY,EU,14,18,62.00,-6.80,0,,
223,England,G,EU,14,27,51.50,-0.10,0,,
224,Finland,OH,EU,15,18,60.20,25.00,0,,
225,Sardinia,IS0,EU,15,28,39.20,9.10,0,,
226,Saudi Arabia/Iraq Neut. Zone,8Z4,AS,21,39,30.00,43.50,1,,1981-12-25T23:59:59+00:00
227,France,F,EU,14,27,46.00,2.00,0,,
228,Serrana Bank & Roncador Cay,HK0/S,NA,7,11,14.20,-80.15,1,,1981-09-16T23:59:59+00:00
229,German Dem. Rep.,DM,EU,14,28,51.00,10.00,1,1973-09-17T00:00:00+00:00,1990-10-02T23:59:59+00:00
230,Fed. Rep. of Germany,DL,EU,14,28,51.00,10.00,0,1973-09-17T00:00:00+00:00,
231,Sikkim,AC3,AS,22,41,27.20,88.39,1,,1975-04-30T23:59:59+00:00
232,Somalia,T5,AF,37,48,2.10,45.40,0,,
233,Gibraltar,ZB2,EU,14,37,36.10,-5.40,0,,
234,South Cook Islands,E5/S,OC,32,63,-21.20,-159.80,0,,
235,South Georgia Island,VP0G,SA,13,73,-54.28,-36.50,0,,
236,Greece,SV,EU,20,28,38.00,23.70,0,,
237,Greenland,OX,NA,40,5,62.50,-45.00,0,,
238,South Orkney Islands,VP8O,SA,13,73,-60.58,-45.50,0,,
239,Hungary,HA,EU,15,28,47.50,19.10,0,,
240,South Sandwich Islands,VP0S,SA,13,73,-59.45,-27.40,0,,
241,South Shetland Islands,VP8H,SA,13,73,-62.00,-58.00,0,,
242,Iceland,TF,EU,40,17,64.10,-22.00,0,,
243,People's Dem. Rep. of Yemen,VS9A,AS,21,39,12.80,45.00,1,,1990-05-21T23:59:59+00:00
244,Southern Sudan,ST0/D,AF,34,47,7.00,32.50,1,1972-05-07T00:00:00+00:00,1994-12-31T23:59:59+00:00
245,Ireland,EI,EU,14,27,53.30,-6.30,0,,
246,Sov Mil Order of Malta,1A0,EU,15,28,41.89,12.47,0,,
247,Spratly Islands,1S,AS,26,50,8.80,111.90,0,,
248,Italy,I,EU,15,28,41.90,12.50,0,,
249,St. Kitts & Nevis,V4,NA,8,11,17.30,-62.60,0,,
250,St. Helena,ZD7,AF,36,66,-16.00,-5.90,0,,
251,Liechtenstein,HB0,EU,14,28,47.14,9.55,0,,
252,St. Paul Island,CY9,NA,5,9,47.20,-60.15,0,,
253,St. Peter & St. Paul,PY0S,SA,11,13,1.00,-29.40,0,,
254,Luxembourg,LX,EU,14,27,49.60,6.20,0,,
255,Sint Maarten Saba St Eustatius,PJ7/D,NA,8,11,17.70,-63.20,1,,2010-10-09T04:00:00+00:00
256,Madeira Islands,CT3,AF,33,36,32.60,-16.90,0,,
257,Malta,9H,EU,15,28,36.00,14.40,0,,
258,Sumatra,PK4,OC,28,54,-1.00,100.21,1,,1963-04-30T23:59:59+00:00
259,Svalbard,JW,EU,40,18,78.80,16.00,0,,
260,Monaco,3A,EU,14,27,43.74,7.43,0,,
261,Swan Is.,KS4,NA,7,11,7.25,-83.56,1,,1972-08-31T23:59:59+00:00
262,Tajikistan,EY,AS,17,30,38.54,68.78,0,,
263,Netherlands,PA,EU,14,27,52.40,4.90,0,,
264,Tangier,CN2,AF,33,37,35.70,-5.80,1,,1960-06-30T23:59:59+00:00
265,Northern Ireland,GI,EU,14,27,54.60,-5.90,0,,
266,Norway,LA,EU,14,18,60.00,10.70,0,,
267,Terr. New Guinea,VK9/T,OC,28,51,-5.00,145.00,1,,1975-09-15T23:59:59+00:00
268,Tibet,AC4,AS,23,41,29.41,91.10,1,,1974-05-30T23:59:59+00:00
269,Poland,SP,EU,15,28,52.20,21.00,0,,
270,Tokelau Islands,ZK3,OC,31,62,-8.40,-172.70,0,,
271,Trieste,I1,EU,15,28,45.39,13.47,1,,1957-03-31T23:59:59+00:00
272,Portugal,CT,EU,14,37,39.50,-8.00,0,,
273,Trindade & Martim Vaz,PY0T,SA,11,15,-20.50,-29.30,0,,
274,Tristan da Cunha & Gough Islands,ZD9,AF,38,66,-37.10,-12.30,0,,
275,Romania,YO,EU,20,28,44.40,26.10,0,,
276,Tromelin Island,FT/T,AF,39,53,-15.89,54.52,0,,
277,St. Pierre & Miquelon,FP,NA,5,9,46.70,-56.00,0,,
278,San Marino,T7,EU,15,28,43.94,12.45,0,,
279,Scotland,GM,EU,14,27,55.80,-4.30,0,,
280,Turkmenistan,EZ,AS,17,30,37.93,58.37,0,,
281,Spain,EA,EU,14,37,40.40,-3.70,0,,
282,Tuvalu,T2,OC,31,65,-8.70,179.20,0,1976-01-01T00:00:00+00:00,
283,UK Base Areas on Cyprus,ZC4,AS,20,39,34.60,33.00,0,1960-08-16T00:00:00+00:00,
284,Sweden,SM,EU,14,18,59.30,18.10,0,,
285,US Virgin Islands,KP2,NA,8,11,18.30,-64.90,0,,
286,Uganda,5X,AF,37,48,0.30,32.50,0,,
287,Switzerland,HB,EU,14,28,47.00,7.50,0,,
288,Ukraine,UR,EU,16,29,50.45,30.52,0,,
289,United Nations HQ,4U1UN,NA,5,8,40.75,-73.97,0,,
291,United States,K,NA,5,8,43.00,-87.90,0,,
292,Uzbekistan,UJ,AS,17,30,41.16,69.13,0,,
293,Vietnam,3W,AS,26,49,10.80,106.70,0,1955-07-20T00:00:00+00:00,
294,Wales,GW,EU,14,27,51.50,-3.20,0,,
295,Vatican City,HV,EU,15,28,41.90,12.45,0,,
296,Serbia,YT,EU,15,28,44.90,20.50,0,,
297,Wake Island,KH9,OC,31,65,19.30,166.60,0,,
298,Wallis & Futuna Islands,FW,OC,32,62,-13.30,-176.30,0,,
299,West Malaysia,9M2,AS,28,54,1.30,103.80,0,1963-09-16T00:00:00+00:00,
301,Western Kiribati,T30,OC,31,65,1.40,173.00,0,,
302,Western Sahara,S0,AF,33,46,22.00,-15.00,0,,
303,Willis Island,VK9W,OC,30,55,-16.20,150.00,0,,
304,Bahrain,A9,AS,21,39,26.20,50.60,0,,
305,Bangladesh,S2,AS,22,41,23.70,90.40,0,,
306,Bhutan,A5,AS,22,41,27.30,89.40,0,,
307,Zanzibar,VQ1,AF,37,53,-6.10,39.12,1,,1974-05-31T23:59:59+00:00
308,Costa Rica,TI,NA,7,11,9.90,-84.00,0,,
309,Myanmar,XZ,AS,26,49,16.80,96.00,0,,
312,Cambodia,XU,AS,26,49,11.70,104.80,0,,
315,Sri Lanka,4S,AS,22,41,7.00,79.90,0,,
318,China,BY,AS,24,44,40.00,116.40,0,,
321,Hong Kong,VR,AS,24,44,22.30,114.30,0,,
324,India,VU,AS,22,41,22.00,80.00,0,,
327,Indonesia,YB,OC,28,54,-6.20,106.80,0,1963-05-01T00:00:00+00:00,
330,Iran,EP,AS,21,40,32.00,53.00,0,,
333,Iraq,YI,AS,21,39,33.00,44.50,0,,
336,Israel,4X,AS,20,39,31.04,34.85,0,1948-05-14T00:00:00+00:00,
339,Japan,JA,AS,25,45,35.70,139.80,0,,
342,Jordan,JY,AS,20,39,32.00,35.90,0,,
344,DPR of Korea,P5,AS,25,44,39.00,126.00,0,,
345,Brunei Darussalam,V8,OC,28,54,4.90,114.90,0,,
348,Kuwait,9K,AS,21,39,29.50,47.80,0,,
354,Lebanon,OD,AS,20,39,33.80,35.80,0,,
363,Mongolia,JT,AS,23,32,47.90,106.90,0,,
369,Nepal,9N,AS,22,42,27.70,85.30,0,,
370,Oman,A4,AS,21,39,23.60,58.60,0,,
372,Pakistan,AP,AS,21,41,30.00,70.00,0,,
375,Philippines,DU,OC,27,50,13.00,122.00,0,,
376,Qatar,A7,AS,21,39,25.30,51.50,0,,
378,Saudi Arabia,HZ,AS,21,39,26.30,50.00,0,,
379,Seychelles,S7,AF,39,53,-4.60,55.50,0,,
381,Singapore,9V,AS,28,54,1.30,103.80,0,,
382,Djibouti,J2,AF,37,48,11.60,43.20,0,,
384,Syria,YK,AS,20,39,33.50,36.30,0,,
386,Taiwan,BU,AS,24,44,23.80,121.00,0,,
387,Thailand,HS,AS,26,49,13.80,100.50,0,,
390,Asiatic Turkey,TA,AS,20,39,40.00,33.00,0,,
391,United Arab Emirates,A6,AS,21,39,24.50,54.20,0,,
400,Algeria,7X,AF,33,37,36.70,3.00,0,,
401,Angola,D2,AF,36,52,-12.50,18.50,0,,
402,Botswana,A2,AF,38,57,-22.00,24.00,0,,
404,Burundi,9U,AF,36,52,-3.30,29.30,0,1962-07-01T00:00:00+00:00,
406,Cameroon,TJ,AF,36,47,3.90,11.50,0,,
408,Central African Republic,TL,AF,36,47,4.40,18.60,0,1960-08-13T00:00:00+00:00,
409,Cape Verde,D4,AF,35,46,16.00,-24.00,0,,
410,Chad,TT,AF,36,47,12.10,15.00,0,1960-08-11T00:00:00+00:00,
411,Comoros,D6,AF,39,53,-11.80,43.70,0,1975-07-06T00:00:00+00:00,
412,Republic of the Congo,TN,AF,36,52,-4.30,15.30,0,1960-08-15T00:00:00+00:00,
414,Dem. Rep. of the Congo,9Q,AF,36,52,-4.30,15.30,0,,
416,Benin,TY,AF,35,46,6.50,2.60,0,1960-08-01T00:00:00+00:00,
420,Gabon,TR,AF,36,52,0.40,9.50,0,1960-08-17T00:00:00+00:00,
422,The Gambia,C5,AF,35,46,13.50,-16.70,0,,
424,Ghana,9G,AF,35,46,5.50,-0.20,0,1957-03-05T00:00:00+00:00,
428,Cote d'Ivoire,TU,AF,35,46,5.30,-4.00,0,1960-08-07T00:00:00+00:00,
430,Kenya,5Z,AF,37,48,-1.30,37.50,0,,
432,Lesotho,7P,AF,38,57,-29.30,27.50,0,,
434,Liberia,EL,AF,35,46,6.50,-9.50,0,,
436,Libya,5A,AF,34,38,32.50,12.50,0,,
438,Madagascar,5R,AF,39,53,-18.90,47.50,0,,
440,Malawi,7Q,AF,37,53,-14.90,34.40,0,,
442,Mali,TZ,AF,35,46,12.70,-8.00,0,1960-06-20T00:00:00+00:00,
444,Mauritania,5T,AF,35,46,18.10,-16.00,0,1960-06-20T00:00:00+00:00,
446,Morocco,CN,AF,33,37,32.00,-5.00,0,,
450,Nigeria,5N,AF,35,46,6.50,3.40,0,,
452,Zimbabwe,Z2,AF,38,53,-17.80,31.00,0,,
453,Reunion Island,FR,AF,39,53,-21.10,55.60,0,,
454,Rwanda,9X,AF,36,52,-2.00,30.10,0,1962-07-01T00:00:00+00:00,
456,Senegal,6W,AF,35,46,14.70,-17.50,0,1960-06-20T00:00:00+00:00,
458,Sierra Leone,9L,AF,35,46,8.50,-13.20,0,,
460,Rotuma Island,3D2/R,OC,32,56,-12.30,177.70,0,,
462,South Africa,ZS,AF,38,57,-26.20,28.10,0,,
464,Namibia,V5,AF,38,57,-22.60,17.10,0,,
466,Sudan,ST,AF,34,48,15.60,32.50,0,,
468,Kingdom of Eswatini,3DA,AF,38,57,-26.30,31.10,0,,
470,Tanzania,5H,AF,37,53,-7.00,39.50,0,,
474,Tunisia,3V,AF,33,37,36.80,10.20,0,,
478,Egypt,SU,AF,34,38,30.00,31.40,0,,
480,Burkina Faso,XT,AF,35,46,12.40,-1.60,0,1960-08-05T00:00:00+00:00,
482,Zambia,9J,AF,36,53,-15.40,28.30,0,,
483,Togo,5V7,AF,35,46,6.20,1.40,0,,
488,Walvis Bay,ZS9,AF,38,57,-22.60,14.31,1,1977-09-01T00:00:00+00:00,1994-02-28T23:59:59+00:00
489,Conway Reef,3D2/C,OC,32,56,-21.40,174.40,0,,
490,Banaba Island,T33,OC,31,65,-0.90,169.50,0,,
492,Yemen,7O,AS,21,39,12.80,45.00,0,1990-05-22T00:00:00+00:00,
493,Penguin Is.,ZS0,AF,38,57,-26.61,-15.32,1,,1994-02-28T23:59:59+00:00
497,Croatia,9A,EU,15,28,45.50,15.60,0,1991-06-26T00:00:00+00:00,
499,Slovenia,S5,EU,15,28,46.00,14.50,0,1991-06-26T00:00:00+00:00,
501,Bosnia-Herzegovina,E7,EU,15,28,43.50,18.30,0,1991-10-10T00:00:00+00:00,
502,North Macedonia,Z3,EU,15,28,41.80,21.40,0,1991-09-08T00:00:00+00:00,
503,Czech Republic,OK,EU,15,28,50.10,15.50,0,1993-01-01T00:00:00+00:00,
504,Slovak Republic,OM,EU,15,28,48.10,17.10,0,1993-01-01T00:00:00+00:00,
505,Pratas Island,BV9P,AS,24,44,20.72,116.70,0,1994-01-01T00:00:00+00:00,
506,Scarborough Reef,BS7H,AS,27,50,15.00,118.00,0,1995-01-01T00:00:00+00:00,
507,Temotu Province,H40,OC,32,51,-10.70,165.80,0,1998-04-01T00:00:00+00:00,
508,Austral Islands,FO/A,OC,32,63,-22.50,-152.00,0,1998-04-01T00:00:00+00:00,
509,Marquesas Islands,FO/M,OC,31,63,-9.00,-139.50,0,1998-04-01T00:00:00+00:00,
510,Palestine,E4,AS,20,39,31.43,34.38,0,1999-02-01T00:00:00+00:00,
511,Timor - Leste,4W,OC,28,54,-8.60,125.50,0,2000-03-01T00:00:00+00:00,
512,Chesterfield Islands,FK/C,OC,30,56,-19.90,158.30,0,2000-03-23T00:00:00+00:00,
513,Ducie Island,VP6/D,OC,32,63,-24.67,-124.79,0,2001-11-16T00:00:00+00:00,
514,Montenegro,4O,EU,15,28,42.50,19.30,0,2006-06-28T00:00:00+00:00,
515,Swains Island,KH8/S,OC,32,62,-11.05,-171.25,0,2006-07-22T00:00:00+00:00,
516,St. Barthelemy,FJ,NA,8,11,17.90,-62.90,0,2007-12-14T00:00:00+00:00,
517,Curacao,PJ2,SA,9,11,12.10,-68.50,0,2010-10-10T04:00:00+00:00,
518,Sint Maarten,PJ7,NA,8,11,18.00,-63.10,0,2010-10-10T04:00:00+00:00,
519,Saba & St. Eustatius,PJ5,NA,8,11,17.50,-63.00,0,2010-10-10T04:00:00+00:00,
520,Bonaire,PJ4,SA,9,11,12.20,-68.50,0,2010-10-10T04:00:00+00:00,
521,Republic of South Sudan,Z8,AF,34,48,4.87,31.62,0,2011-07-14T00:00:00+00:00,
522,Republic of Kosovo,Z6,EU,15,28,42.67,21.12,0,2018-01-21T00:00:00+00:00,
